{
    "name": "root",
    "gauges": {
        "CarAI.Policy.Entropy.mean": {
            "value": 0.23858541250228882,
            "min": 0.012885559350252151,
            "max": 0.8178497552871704,
            "count": 18
        },
        "CarAI.Policy.Entropy.sum": {
            "value": 474.0692138671875,
            "min": 26.389625549316406,
            "max": 1665.70654296875,
            "count": 18
        },
        "CarAI.Step.mean": {
            "value": 35981.0,
            "min": 1968.0,
            "max": 35981.0,
            "count": 18
        },
        "CarAI.Step.sum": {
            "value": 35981.0,
            "min": 1968.0,
            "max": 35981.0,
            "count": 18
        },
        "CarAI.Policy.ExtrinsicValueEstimate.mean": {
            "value": -3.7330734729766846,
            "min": -3.7330734729766846,
            "max": 1.5901678800582886,
            "count": 18
        },
        "CarAI.Policy.ExtrinsicValueEstimate.sum": {
            "value": -123.19142150878906,
            "min": -123.19142150878906,
            "max": 49.295204162597656,
            "count": 18
        },
        "CarAI.Policy.GailValueEstimate.mean": {
            "value": 7.776300430297852,
            "min": 3.4242167472839355,
            "max": 17.09499740600586,
            "count": 18
        },
        "CarAI.Policy.GailValueEstimate.sum": {
            "value": 256.617919921875,
            "min": 109.57493591308594,
            "max": 529.9449462890625,
            "count": 18
        },
        "CarAI.Losses.PolicyLoss.mean": {
            "value": 0.2537730524678049,
            "min": 0.23178723441303228,
            "max": 0.2537730524678049,
            "count": 18
        },
        "CarAI.Losses.PolicyLoss.sum": {
            "value": 3.806595787017074,
            "min": 3.4768085161954843,
            "max": 4.0126168711311445,
            "count": 18
        },
        "CarAI.Losses.ValueLoss.mean": {
            "value": 6.374431917888571,
            "min": 0.1083702801281624,
            "max": 9.62470591218088,
            "count": 18
        },
        "CarAI.Losses.ValueLoss.sum": {
            "value": 95.61647876832856,
            "min": 1.7339244820505983,
            "max": 144.37058868271322,
            "count": 18
        },
        "CarAI.Policy.LearningRate.mean": {
            "value": 8.96720701093333e-05,
            "min": 8.96720701093333e-05,
            "max": 0.0002938784020405334,
            "count": 18
        },
        "CarAI.Policy.LearningRate.sum": {
            "value": 0.0013450810516399995,
            "min": 0.0013450810516399995,
            "max": 0.004513908095364,
            "count": 18
        },
        "CarAI.Policy.Epsilon.mean": {
            "value": 0.1298906666666667,
            "min": 0.1298906666666667,
            "max": 0.19795946666666667,
            "count": 18
        },
        "CarAI.Policy.Epsilon.sum": {
            "value": 1.9483600000000005,
            "min": 1.9483600000000005,
            "max": 3.104636,
            "count": 18
        },
        "CarAI.Policy.Beta.mean": {
            "value": 0.0005000000000000002,
            "min": 0.0005,
            "max": 0.0005000000000000002,
            "count": 18
        },
        "CarAI.Policy.Beta.sum": {
            "value": 0.007500000000000003,
            "min": 0.007500000000000003,
            "max": 0.008,
            "count": 18
        },
        "CarAI.Policy.GAILPolicyEstimate.mean": {
            "value": 0.20112452490141272,
            "min": 0.038870592365532905,
            "max": 0.390277143733369,
            "count": 18
        },
        "CarAI.Policy.GAILPolicyEstimate.sum": {
            "value": 3.016867873521191,
            "min": 0.6219294778485265,
            "max": 5.854157156000535,
            "count": 18
        },
        "CarAI.Policy.GAILExpertEstimate.mean": {
            "value": 0.7895384734627019,
            "min": 0.6494677210640576,
            "max": 0.9285142627648182,
            "count": 18
        },
        "CarAI.Policy.GAILExpertEstimate.sum": {
            "value": 11.843077101940528,
            "min": 9.791381099985704,
            "max": 14.856228204237091,
            "count": 18
        },
        "CarAI.Losses.GAILLoss.mean": {
            "value": 0.5792445052521267,
            "min": 0.12098399137095031,
            "max": 1.0277414703810657,
            "count": 18
        },
        "CarAI.Losses.GAILLoss.sum": {
            "value": 8.6886675787819,
            "min": 1.935743861935205,
            "max": 15.425592660076088,
            "count": 18
        },
        "CarAI.Policy.GAILGradMagLoss.mean": {
            "value": 0.034812066243016034,
            "min": 0.018761699201530535,
            "max": 0.06773383369565837,
            "count": 18
        },
        "CarAI.Policy.GAILGradMagLoss.sum": {
            "value": 0.5221809936452405,
            "min": 0.281425488022958,
            "max": 1.0160075054348756,
            "count": 18
        },
        "CarAI.Losses.PretrainingLoss.mean": {
            "value": 0.3543382607595809,
            "min": 0.3543382607595809,
            "max": 0.5288732412953143,
            "count": 18
        },
        "CarAI.Losses.PretrainingLoss.sum": {
            "value": 5.315073911393713,
            "min": 5.315073911393713,
            "max": 7.933098619429715,
            "count": 18
        },
        "CarAI.Environment.EpisodeLength.mean": {
            "value": 618.6666666666666,
            "min": 504.0,
            "max": 2639.5,
            "count": 11
        },
        "CarAI.Environment.EpisodeLength.sum": {
            "value": 1856.0,
            "min": 504.0,
            "max": 5279.0,
            "count": 11
        },
        "CarAI.Environment.CumulativeReward.mean": {
            "value": -24.233335196971893,
            "min": -35.550002694129944,
            "max": 12.899998530745506,
            "count": 11
        },
        "CarAI.Environment.CumulativeReward.sum": {
            "value": -72.70000559091568,
            "min": -73.8000054359436,
            "max": 25.799997061491013,
            "count": 11
        },
        "CarAI.Policy.ExtrinsicReward.mean": {
            "value": -24.233335196971893,
            "min": -35.550002694129944,
            "max": 12.899998530745506,
            "count": 11
        },
        "CarAI.Policy.ExtrinsicReward.sum": {
            "value": -72.70000559091568,
            "min": -73.8000054359436,
            "max": 25.799997061491013,
            "count": 11
        },
        "CarAI.Policy.GailReward.mean": {
            "value": 74.44518478665366,
            "min": 56.42570578865707,
            "max": 449.1127628272952,
            "count": 11
        },
        "CarAI.Policy.GailReward.sum": {
            "value": 223.33555435996095,
            "min": 56.42570578865707,
            "max": 898.2255256545905,
            "count": 11
        },
        "CarAI.IsTraining.mean": {
            "value": 1.0,
            "min": 1.0,
            "max": 1.0,
            "count": 18
        },
        "CarAI.IsTraining.sum": {
            "value": 1.0,
            "min": 1.0,
            "max": 1.0,
            "count": 18
        }
    },
    "metadata": {
        "timer_format_version": "0.1.0",
        "start_time_seconds": "1718243025",
        "python_version": "3.9.19 (main, Mar 21 2024, 17:21:27) [MSC v.1916 64 bit (AMD64)]",
        "command_line_arguments": "C:\\Users\\inias\\anaconda3\\envs\\unity\\Scripts\\mlagents-learn Config/CarAI.yaml --initialize-from=CarAI7.2 --run-id=CarAI7.4 --force",
        "mlagents_version": "0.30.0",
        "mlagents_envs_version": "0.30.0",
        "communication_protocol_version": "1.5.0",
        "pytorch_version": "1.7.1+cpu",
        "numpy_version": "1.21.2",
        "end_time_seconds": "1718246324"
    },
    "total": 3299.0395016,
    "count": 1,