{"count":1,"self":142.4434944,"total":153.4457251,"children":{"InitializeActuators":{"count":1,"self":0.0011109,"total":0.0011109,"children":null},"InitializeSensors":{"count":1,"self":0.00099439999999999988,"total":0.00099439999999999988,"children":null},"AgentSendState":{"count":6972,"self":0.9491906,"total":1.1838686,"children":{"CollectObservations":{"count":6277,"self":0.1384943,"total":0.1384943,"children":null},"WriteActionMask":{"count":6277,"self":0.028886099999999998,"total":0.028886099999999998,"children":null},"RequestDecision":{"count":6277,"self":0.0672976,"total":0.0672976,"children":null}}},"DecideAction":{"count":6972,"self":9.699772,"total":9.7411377999999988,"children":{"RayPerceptionSensor.Perceive":{"count":6277,"self":0.041366099999999996,"total":0.041366099999999996,"children":null}}},"AgentAct":{"count":6972,"self":0.074020099999999991,"total":0.074020099999999991,"children":null}},"gauges":{},"metadata":{"timer_format_version":"0.1.0","start_time_seconds":"1718626469","unity_version":"2021.3.16f1","command_line_arguments":"C:\\Program Files\\Unity\\Hub\\Editor\\2021.3.16f1\\Editor\\Unity.exe -projectpath C:\\Users\\inias\\VR racing game -useHub -hubIPC -cloudEnvironment production -licensingIpc LicenseClient-inias -hubSessionId 20f81980-2c9e-11ef-b27a-09906591843c -accessToken 5D6qf2y5-ADJhsY-jWc79C5F4eqko6eYzW_K6x6dpy4001f","communication_protocol_version":"1.5.0","com.unity.ml-agents_version":"2.0.1","scene_name":"CustomizeCar","end_time_seconds":"1718626622"}}