{"count":1,"self":2217.6784384,"total":2331.7009887,"children":{"InitializeActuators":{"count":1,"self":0.0025180999999999997,"total":0.0025180999999999997,"children":null},"InitializeSensors":{"count":1,"self":0.0035573999999999996,"total":0.0035573999999999996,"children":null},"AgentSendState":{"count":102805,"self":10.402613599999999,"total":12.656863099999999,"children":{"CollectObservations":{"count":102805,"self":1.2070897999999999,"total":1.2070897999999999,"children":null},"WriteActionMask":{"count":102805,"self":0.2997321,"total":0.2997321,"children":null},"RequestDecision":{"count":102805,"self":0.74742749999999991,"total":0.74742749999999991,"children":null}}},"DecideAction":{"count":102805,"self":100.29178879999999,"total":100.77198229999999,"children":{"RayPerceptionSensor.Perceive":{"count":102805,"self":0.48019599999999996,"total":0.48019599999999996,"children":null}}},"AgentAct":{"count":102805,"self":0.5876614,"total":0.5876614,"children":null}},"gauges":{"CarAI.CumulativeReward":{"count":1,"max":11.20002,"min":11.20002,"runningAverage":11.20002,"value":11.20002,"weightedAverage":11.20002}},"metadata":{"timer_format_version":"0.1.0","start_time_seconds":"1718550097","unity_version":"2021.3.16f1","command_line_arguments":"C:\\Program Files\\Unity\\Hub\\Editor\\2021.3.16f1\\Editor\\Unity.exe -projectpath C:\\Users\\inias\\VR racing game -useHub -hubIPC -cloudEnvironment production -licensingIpc LicenseClient-inias -hubSessionId cbfebe60-2b81-11ef-91ba-2dabfabfeef3 -accessToken xIi5xoSoeEYcooFjlOhGIGZED4kO5fQiEbHBiq_B9zw001f","communication_protocol_version":"1.5.0","com.unity.ml-agents_version":"2.0.1","scene_name":"RaceTrack","end_time_seconds":"1718552428"}}